{
  "llvm-target": "x86_64-unknown-none",
  "rustc-abi": "x86-softfloat",
  "data-layout": "e-m:e-p270:32:32-p271:32:32-p272:64:64-i64:64-i128:128-f80:128-n8:16:32:64-S128",
  "arch": "x86_64",
  "target-endian": "little",
  "target-pointer-width": "64",
  "target-c-int-width": 32,
  "os": "none",
  "executables": true,
  "linker-flavor": "ld",
  "linker": "x86_64.ld",
  "panic-strategy": "abort",
  "disable-redzone": true,
  "features": "-mmx,-sse,+soft-float",
  "relocation-model": "static",
  "pre-link-args": {
    "ld": [
      "-T./src/linker.ld"
    ]
  }
}
